aaa,zspzjj,pdqhbdp,ztbjvmmb,zpz2743@psu.edu,xwg43tbtzh
aaa,oonvfn,styllfx,znqfgowq,osz8855@psu.edu,dnv95skyvc
aaa,pnujxu,ishyavf,mnovgxiu,pim9856@psu.edu,wnz56hiwik
aaa,qeeoqb,mucvdfm,rxyxkkqi,qmr4301@psu.edu,dzt90yqjow
aaa,yvslaw,jbfyzbu,lfkszrhr,yjl3705@psu.edu,gbe23vwvuh
aaa,lphzhn,wzycttx,wjpbjtmz,lww6213@psu.edu,nuf35dxvhd
aaa,hzoyuf,rjjkpin,maoxsrgo,hrm8252@psu.edu,zkv17xdoej
aaa,loyzxq,rxdwxrw,jyayiiut,lrj9431@psu.edu,hil61ubhvc
aaa,uzkmep,ugijzqo,qkllhzxy,uuq8214@psu.edu,hxp39njuzb
aaa,hsdcai,wmvclrk,vhshujjk,hwv6654@psu.edu,olx24rlvxf
aaa,jfrecw,aqakgoc,mvqodmbe,jam5785@psu.edu,kmu33iadbv
aaa,tuzmmi,rivvvwq,vouobfet,trv6920@psu.edu,dnk55qrzyy
aaa,cambii,wfgkgyg,qzkwjqjl,cwq7223@psu.edu,rbw80stmdz
aaa,jbzuei,llduqop,datlqecp,jld6482@psu.edu,kuc27vzzgn
aaa,ssbkgy,gryxskq,gvfesovi,sgg6872@psu.edu,jxk32ywkku
aaa,ibegex,wavqirh,sxupjujc,iws5540@psu.edu,kno94swrrh
aaa,dtgvzg,mhnfpqg,klxsoltb,dmk2735@psu.edu,fdi11dyanm
aaa,uglbdd,ytvgxzw,rhlqsznk,uyr1662@psu.edu,vxm27ncukc
aaa,rlumuh,cuhzktw,dnuvzmwo,rcd1818@psu.edu,ldl16nglcc
aaa,ncecfx,kdrpxcm,vcsffjom,nkv1149@psu.edu,ezb75cpdkj
aaa,lqnhsb,znhrzrk,qatazpwj,lzq4809@psu.edu,gqw25dxtgw
aaa,csndby,biqtuai,nbatphwz,cbn1021@psu.edu,lmi51zqkkz
aaa,gwlbbt,knnwwuv,etebszvm,gke5815@psu.edu,qna96iasyg
aaa,mdudjg,bxfazbz,tafyowsa,mbt3741@psu.edu,slf43orhzv
aaa,iznjbg,qvspyfv,lwawjdmu,iql7179@psu.edu,taw37jxwpo
aaa,urkenc,ycjaaie,njtcanju,uyn4515@psu.edu,wow69freve
aaa,oubyuq,rddkktb,ehivswqz,ore2493@psu.edu,ooq76piljt
aaa,hccrew,ywrurap,trecqvvl,hyt1766@psu.edu,vgo76ttgtu
aaa,dyyusf,coxutps,tbgmzpjb,dct7032@psu.edu,gsd42gixmm
aaa,ntqonh,kaxbygw,yaistfxt,nky5139@psu.edu,zrw74lrlet
aaa,xyqfcu,brkreqp,ocxytnmw,xbo6082@psu.edu,igt71fjoaf
aaa,bdvhql,etrjpbu,hndyopbu,beh3310@psu.edu,jmi54aylje
aaa,ciaprw,zbizkkg,nkkpfpwv,czn4440@psu.edu,plu95nudjk
aaa,vcrcxf,qseaxmk,wpkzyqkm,vqw4358@psu.edu,jyx29jscgl
aaa,rykaiq,ewqesuc,bnbqmbrd,reb6300@psu.edu,hzn30mkofu
aaa,oojcuu,psemnaj,bejxlrpk,opb1246@psu.edu,cvm35cszxj
aaa,gycmzx,wsphfsj,bbmustlh,gwb4186@psu.edu,zqb20uvmzh
aaa,nelrze,mxsgsxr,plclbcfu,nmp7869@psu.edu,bkd56qxrlx
aaa,vwvfgo,zlrqpnf,xrtrykln,vzx6295@psu.edu,gbc71zlllq
aaa,odabnp,gdbweub,xayxelgq,ogx1788@psu.edu,wez70knqeg
aaa,bjvbkd,maayhfc,llljdymx,bml9981@psu.edu,uyl82efvgr
aaa,dothoy,utdpjhx,igsyxbfu,dui4299@psu.edu,yle76yobla
aaa,iwwzhp,cztqqiq,dgnjicko,icd7022@psu.edu,ivw65hxemp
aaa,uwwvzn,zbqwukh,oncpqzex,uzo8271@psu.edu,tra99npxoq
aaa,cofsbg,wbbwile,axxlwzhx,cwa8328@psu.edu,znk97sniwo
aaa,wrblij,fqvhwmv,wgqlxppx,wfw9247@psu.edu,jnv23jznew
aaa,tzczwr,hmngdal,bszrfvnu,thb7081@psu.edu,okf33kzfcm
aaa,gccxnt,ikanqlm,wcbznokj,giw6813@psu.edu,agz80zwmbe
aaa,ljqniz,cnozist,qhtgvmvk,lcq3919@psu.edu,wxf62vzmoh
aaa,jjozpr,zqxoqho,rsnmurxr,jzr3404@psu.edu,fgr60pkvsk
aaa,vjupwu,oyrvaod,sqajoatb,vos2444@psu.edu,vzt92dufuw
aaa,kqhpsz,igirzcb,obsawffq,kio3665@psu.edu,tva26clldu
aaa,avysye,dfpejlm,upmhxjjq,adu5117@psu.edu,urw64hudpd
aaa,ekkvmk,knfmatc,djzpryrl,ekd4687@psu.edu,cxe47fxmgz
aaa,ecygyz,ztmleeu,wbjfmyib,ezw3158@psu.edu,pun20tgksh
aaa,stmbcm,zdtbfyc,duksykop,szd8830@psu.edu,xze89sczvn
aaa,qcgnjt,zlctwlm,qiltiouh,qzq3480@psu.edu,quk98mwekk
aaa,qmegdm,yhgeqnl,rjokxcxz,qyr5078@psu.edu,pau41tmrse
aaa,qbzysf,pbsbgat,imrqfzgq,qpi8944@psu.edu,gwx40zvyvq
aaa,guqmju,elvgqlf,jebuikzh,gej2528@psu.edu,ihb33lzvcq
aaa,ucrznw,jjrmwki,yjfmjojo,ujy9730@psu.edu,ycs23vvyte
aaa,bgwctc,scwdttc,zubbtnhf,bsz9498@psu.edu,vku28cirbi
aaa,jpfpxn,wuwedbs,vcvekgve,jwv1139@psu.edu,snv64qwqql
aaa,gpfssr,kmiqubt,pchlwmwq,gkp9556@psu.edu,ppk16djcct
aaa,dnjnxn,ikvjsom,emxeevla,die5986@psu.edu,kcv44sigvl
aaa,zriohx,rtpegpl,hifwnvsx,zrh5405@psu.edu,xrt45rpeef
aaa,gobwrg,grhbmre,vdixyfyu,ggv4066@psu.edu,apy92lsyiw
aaa,orclhm,msjlbrj,tgktgjog,omt3443@psu.edu,ljd99xuriy
aaa,daqeww,hvjhxna,fhmwcymj,dhf3804@psu.edu,tjl14ilagk
aaa,yncluq,smqjhbc,ofzbbmwb,yso8400@psu.edu,foz14cdvoh
aaa,ghpbov,ctmsxrq,xxxrgjka,gcx6443@psu.edu,wft43hcoyg
aaa,fqiwkv,quecyww,ehvfecoz,fqe4374@psu.edu,kyo32lwmtg
aaa,fzxtgl,regukvx,rhfhgxdj,frr3932@psu.edu,ozr95rvtkz
aaa,dtsjwo,raallcc,safvljrj,drs9646@psu.edu,rpi73ldyyx
aaa,lvvqpj,aadnddl,bnimstad,lab6662@psu.edu,aao19zkreg
aaa,keeyzz,vzhwtej,ljflqbze,kvl8021@psu.edu,oen71bxdgw
aaa,kxnmgw,iavmfed,kcfdmkmf,kik6571@psu.edu,bwd50defpk
aaa,qssoek,wspkwsh,sehpxsax,qws4160@psu.edu,yww59boyfv
aaa,twlbmd,snmqjay,aodraucs,tsa5646@psu.edu,okn57ekcjg
aaa,zrhron,tlyzmpi,ssupkvcb,zts6364@psu.edu,apy98qilgi
aaa,gjqmts,wrjaohj,zsuedjom,gwz5176@psu.edu,ufw93dzszb
aaa,xfsdim,aeopvjh,wukbonuv,xaw5657@psu.edu,xaa96yqukt
aaa,rmemnc,wfxbwus,zgvpgkbz,rwz5821@psu.edu,svm43wtojo
aaa,btekkp,jlodojs,yqxwuyny,bjy7405@psu.edu,wsa25ykqcq
aaa,jyseag,jlpiais,dycrzdow,jjd5295@psu.edu,oaw64mlihy
aaa,odjpkh,svkohhx,zrdwixgo,osz3328@psu.edu,mpz74zryjw
aaa,tfvbxy,xhkzeec,qqubphwh,txq3705@psu.edu,sxg74zqhdx
aaa,mtpmdo,hcqxjsx,alfkslsl,mha8140@psu.edu,atb41jxzjx
aaa,eqnaek,iuypemc,mddcfptb,eim5482@psu.edu,kfz47kpmmo
aaa,mopsdz,nfppgqs,gqmqdpiw,mng3152@psu.edu,scl79luwoy
aaa,ugkiyq,mposxvt,nnzwljte,umn6092@psu.edu,rpx37evxid
aaa,chrurl,ibgfuec,vwndltpi,civ5634@psu.edu,iiu12ylvda
aaa,jgrokj,ijchxuj,illnvges,jii6431@psu.edu,bcw11vaxcy
aaa,ritmlb,efybatf,mrliffrc,rem5125@psu.edu,hbu66bfsgm
aaa,ihsjny,afxcjuq,hdttxgcx,iah7475@psu.edu,xyo30donye
aaa,hxujpv,vzbaowh,vjikmlos,hvv9369@psu.edu,fod65smblr
aaa,vktdjv,vzrhuqf,tktoemid,vvt2135@psu.edu,zxn85lmoxj
aaa,eotxrf,gzatmfc,tgryficb,egt7252@psu.edu,mfn64wpwif
aaa,ainxko,feakakz,sftkgxek,afs5261@psu.edu,nlq36olfay
aaa,zwzgpp,aytlrtk,klgydoji,zak5704@psu.edu,eto83ggpyk
aaa,uswuig,vpybtjh,nlqpmjzg,uvn6168@psu.edu,klq67odatb
aaa,fuxkmm,hmtuswr,jsnyhlar,fhj7909@psu.edu,fco78dugca
aaa,ovmwch,fznpnsv,jpdvckvx,ofj7100@psu.edu,mbp49ldzda
aaa,izrrgj,aapftjk,umlulojv,iau7218@psu.edu,pvk31nvyjn
aaa,svdtgu,qnhqanw,uziexizb,squ1590@psu.edu,xgd52uxfdy
aaa,wdadae,rzvwkjb,czmuzxjb,wrc8058@psu.edu,ldg60fnkjh
aaa,lgufxz,cwgxmeo,nopjojhu,lcn2595@psu.edu,kdm19yxkag
aaa,mbvynb,qybrnhv,uucpsvxq,mqu6448@psu.edu,mhr56sqxsw
